{
  "name": "Learn JSON",
  "nodes": [
    {
      "parameters": {},
      "id": "d9f8e6f3-8436-4abd-a2fb-df8aa203175d",
      "name": "Execute to Start",
      "type": "n8n-nodes-base.manualTrigger",
      "position": [
        220,
        480
      ],
      "typeVersion": 1
    },
    {
      "parameters": {
        "mode": "raw",
        "jsonOutput": "={\n  \"my_field_1\": \"value\",\n  \"my_field_2\": 1\n}\n",
        "options": {}
      },
      "id": "a3b4291a-7ecb-438e-acae-1b415b17ddf9",
      "name": "String",
      "type": "n8n-nodes-base.set",
      "position": [
        840,
        480
      ],
      "typeVersion": 3.4
    },
    {
      "parameters": {
        "assignments": {
          "assignments": [
            {
              "id": "e87952cb-878e-4feb-8261-342eaf887838",
              "name": "key",
              "type": "string",
              "value": "value"
            },
            {
              "id": "b5f030f4-6650-4181-881f-de44790bb24b",
              "name": "another_key",
              "type": "string",
              "value": "another_value"
            }
          ]
        },
        "options": {}
      },
      "id": "ab7da463-45a7-46cc-b6fd-2259d8d71b8b",
      "name": "Key & Value",
      "type": "n8n-nodes-base.set",
      "position": [
        560,
        480
      ],
      "typeVersion": 3.4
    },
    {
      "parameters": {
        "assignments": {
          "assignments": [
            {
              "id": "5c8e34fc-99c7-421d-b7d3-287e0410e409",
              "name": "json_example_integer",
              "value": null,
              "type": "number"
            },
            {
              "id": "9da6ca95-6dae-4405-8d3f-69626c20f0cb",
              "name": "json_example_float",
              "value": "12.5",
              "type": "string"
            }
          ]
        },
        "options": {}
      },
      "id": "1334d47e-b4b9-4584-83fe-6204d45425e3",
      "name": "Number",
      "type": "n8n-nodes-base.set",
      "position": [
        1120,
        480
      ],
      "typeVersion": 3.4
    },
    {
      "parameters": {
        "assignments": {
          "assignments": [
            {
              "id": "e87952cb-878e-4feb-8261-342eaf887838",
              "name": "json_example_boolean",
              "type": "boolean",
              "value": false
            }
          ]
        },
        "options": {}
      },
      "id": "51dfc2b6-79e8-42ea-a149-dd7c53f87ddf",
      "name": "Boolean",
      "type": "n8n-nodes-base.set",
      "position": [
        1400,
        480
      ],
      "typeVersion": 3.4
    },
    {
      "parameters": {
        "assignments": {
          "assignments": [
            {
              "id": "e87952cb-878e-4feb-8261-342eaf887838",
              "name": "json_example_array",
              "type": "array",
              "value": "[\"first element\", 2, false, null]"
            }
          ]
        },
        "options": {}
      },
      "id": "ec2d2c16-7623-4639-9b13-3ccb99021da3",
      "name": "Array",
      "type": "n8n-nodes-base.set",
      "position": [
        1960,
        480
      ],
      "typeVersion": 3.4
    },
    {
      "parameters": {
        "assignments": {
          "assignments": [
            {
              "id": "e87952cb-878e-4feb-8261-342eaf887838",
              "name": "json_example_object",
              "type": "object",
              "value": "{\"key\":\"value\",\"array\":[1,2,3],\"boolean\":false,\"integer\":123,\"sub_object\":{\"sub_key\":\"Find me!\"}}"
            }
          ]
        },
        "options": {}
      },
      "id": "3924c986-24bd-442e-b987-9f6f3aaf06fb",
      "name": "Object",
      "type": "n8n-nodes-base.set",
      "position": [
        2240,
        480
      ],
      "typeVersion": 3.4
    },
    {
      "parameters": {
        "content": "## Tutorial - What is JSON?\n\nWelcome! This workflow will teach you the basics of JSON, the language that apps and n8n nodes use to exchange information.\n\n**What is JSON?**\nImagine a contact card:\n- **Name:** John Doe\n- **Age:** 30\n- **Has Children:** Yes\n- **Phone Numbers:** [\"555-1234\", \"555-5678\"]\n\n\nJSON is just a way of writing this down so a computer can understand it perfectly.\n\n**How to use this tutorial:**\n1.  Click **\"Execute Workflow\"**.\n2.  Click on each node, one by one, in order.\n3.  Look at the node's output in the panel on the right and read the associated sticky note to understand what's happening.",
        "height": 640,
        "width": 460
      },
      "id": "8dbfb1ee-87a4-4798-bb4e-972f066b949b",
      "name": "Sticky Note",
      "type": "n8n-nodes-base.stickyNote",
      "position": [
        0,
        0
      ],
      "typeVersion": 1
    },
    {
      "parameters": {
        "content": "#### The Heart of JSON: Key & Value\n\nEverything in JSON is built on this pair:\n- A **Key** (the name of the data, always in double quotes `\"`).\n- A **Value** (the data itself).\n\n\n`\"key\": \"value\"`\n\nIn this node's output, you see two key/value pairs. This is the basic building block for everything that follows.",
        "height": 500,
        "width": 260,
        "color": 7
      },
      "id": "fdb0e989-b95a-4c0e-b15d-b7fe24141a2d",
      "name": "Sticky Note1",
      "type": "n8n-nodes-base.stickyNote",
      "position": [
        480,
        140
      ],
      "typeVersion": 1
    },
    {
      "parameters": {
        "content": "#### Data Type: String\n\nA string is simply **text**.\n- **Syntax:** The text is always enclosed in double quotes `\" \"`.\n\n\nLook at the output: the value of `json_example_string` is the text we defined.",
        "height": 500,
        "width": 260,
        "color": 7
      },
      "id": "ba8c5a51-cc55-4ddb-8ba8-50f9df5b753d",
      "name": "Sticky Note2",
      "type": "n8n-nodes-base.stickyNote",
      "position": [
        760,
        140
      ],
      "typeVersion": 1
    },
    {
      "parameters": {
        "content": "#### Data Type: Number\n\nThis is simply a number. It can be a whole number (integer) like 10, or a decimal (float) like 12.5.\n- **Syntax:** Just write the number directly, **WITHOUT quotes**.\n\n\n`\"age\": 30` (Correct)\n`\"age\": \"30\"` (Incorrect, this is a String!)\n\nThis distinction is crucial for doing math!",
        "height": 500,
        "width": 260,
        "color": 7
      },
      "id": "627174b8-b40e-4ba0-9da8-a05fe1ff79fe",
      "name": "Sticky Note3",
      "type": "n8n-nodes-base.stickyNote",
      "position": [
        1040,
        140
      ],
      "typeVersion": 1
    },
    {
      "parameters": {
        "content": "#### Data Type: Boolean\n\nThis is a value that can only be **TRUE** or **FALSE**.\n- **Syntax:** `true` or `false` (always lowercase and **WITHOUT quotes**).\n\n\nThink of it like a light switch: on (`true`) or off (`false`). It's very useful for conditions (If/Then logic).",
        "height": 500,
        "width": 260,
        "color": 7
      },
      "id": "7615528c-3b89-4187-8f0f-7d424818914e",
      "name": "Sticky Note4",
      "type": "n8n-nodes-base.stickyNote",
      "position": [
        1320,
        140
      ],
      "typeVersion": 1
    },
    {
      "parameters": {
        "content": "#### Data Type: Array\n\nAn array is an **ordered list** of items.\n- **Syntax:** Starts with `[` and ends with `]`. Items are separated by commas.\n\n\nAn array can hold anything: strings, numbers, booleans, and even other arrays or objects!",
        "height": 500,
        "width": 260,
        "color": 7
      },
      "id": "d6fd5ae0-48a8-4c47-bc52-af908d9eb251",
      "name": "Sticky Note5",
      "type": "n8n-nodes-base.stickyNote",
      "position": [
        1880,
        140
      ],
      "typeVersion": 1
    },
    {
      "parameters": {
        "content": "#### Data Type: Object (JSON Object)\n\nThis is the main concept! An object is a **collection of key/value pairs**.\n- **Syntax:** Starts with `{` and ends with `}`.\n\n\nThis is what allows us to structure complex data, like our contact card from the beginning. Notice how this object contains all the other data types we've seen!",
        "height": 500,
        "width": 280,
        "color": 7
      },
      "id": "f4cec78d-e11a-4f33-8c13-487a8d4bff4b",
      "name": "Sticky Note6",
      "type": "n8n-nodes-base.stickyNote",
      "position": [
        2160,
        140
      ],
      "typeVersion": 1
    },
    {
      "parameters": {
        "assignments": {
          "assignments": [
            {
              "id": "e87952cb-878e-4feb-8261-342eaf887838",
              "name": "json_example_null",
              "type": "null",
              "value": null
            }
          ]
        },
        "options": {}
      },
      "id": "af2c025a-2ac2-44e6-b031-5569ebee409b",
      "name": "Null",
      "type": "n8n-nodes-base.set",
      "position": [
        1680,
        480
      ],
      "typeVersion": 3.4
    },
    {
      "parameters": {
        "content": "#### Data Type: Null\n\nThis special type means \"nothing,\" \"no value,\" or \"empty.\"\n- **Syntax:** `null` (lowercase and **WITHOUT quotes**).\n\n\nIt's different from `0` (which is a number) or `\"\"` (which is an empty string). `null` is the intentional absence of a value.",
        "height": 500,
        "width": 260,
        "color": 7
      },
      "id": "333ceba1-e8a6-42ca-b0d4-acc13c5100d5",
      "name": "Sticky Note7",
      "type": "n8n-nodes-base.stickyNote",
      "position": [
        1600,
        140
      ],
      "typeVersion": 1
    },
    {
      "parameters": {
        "assignments": {
          "assignments": [
            {
              "id": "e87952cb-878e-4feb-8261-342eaf887838",
              "name": "message",
              "type": "string",
              "value": "=Hello, the number from the tutorial is: {{ $('Number').item.json.json_example_integer }}"
            },
            {
              "id": "61f385f4-b8e2-4c69-b873-9ffc3ab3fe94",
              "name": "sub_key",
              "type": "string",
              "value": "={{ $json.json_example_object.sub_object.sub_key }}"
            },
            {
              "id": "bd752a0f-64bf-44b1-b39b-fca28e86aa5b",
              "name": "array_second_item",
              "type": "string",
              "value": "={{ $json.json_example_object.array[1] }}"
            },
            {
              "id": "51edfc83-8150-4507-a3d2-2319ae0e70d7",
              "name": "String_value",
              "value": "=[\"{{ $('String').item.json.my_field_1 }}\" , \"{{ $('Key & Value').item.json.another_key }}\"]",
              "type": "array"
            },
            {
              "id": "ff4cb496-038c-4e39-83f2-936b672074b1",
              "name": "name_of_user",
              "value": "mayank",
              "type": "string"
            }
          ]
        },
        "options": {}
      },
      "id": "da98ff19-342b-4af6-bb5d-f6c665e8594d",
      "name": "Using JSON (Expressions)",
      "type": "n8n-nodes-base.set",
      "position": [
        2580,
        480
      ],
      "typeVersion": 3.4
    },
    {
      "parameters": {
        "content": "#### ⭐ THE KEY STEP: Using JSON in n8n!\n\nNow for the magic. How do you use data from a previous node? With **expressions** `{{ }}`.\n\nThis node creates a custom message. Look at the value of the `message` field:\n`Hello, the number from the tutorial is: {{ $('Number').item.json.json_example_integer }}`\n\nIt dynamically pulled the number `10` from the \"Number\" node! This is how you make your nodes talk to each other.",
        "height": 500,
        "width": 340,
        "color": 5
      },
      "id": "8072721c-7c1f-4478-96e2-96e273fdd44b",
      "name": "Sticky Note8",
      "type": "n8n-nodes-base.stickyNote",
      "position": [
        2460,
        140
      ],
      "typeVersion": 1
    },
    {
      "parameters": {
        "assignments": {
          "assignments": [
            {
              "id": "e87952cb-878e-4feb-8261-342eaf887838",
              "name": "summary_string",
              "type": "string",
              "value": "={{ $('String').item.json.my_field_1 }}"
            },
            {
              "id": "12345",
              "name": "summary_number",
              "type": "number",
              "value": "={{ $('Number').item.json.json_example_integer }}"
            },
            {
              "id": "67890",
              "name": "summary_boolean",
              "type": "boolean",
              "value": "={{ $('Boolean').item.json.json_example_boolean }}"
            },
            {
              "id": "abcde",
              "name": "summary_null",
              "type": "null",
              "value": "={{ $('Null').item.json.json_example_null }}"
            },
            {
              "id": "fghij",
              "name": "summary_array",
              "type": "array",
              "value": "={{ $('Array').item.json.json_example_array }}"
            },
            {
              "id": "klmno",
              "name": "summary_object",
              "type": "object",
              "value": "={{ $('Object').item.json.json_example_object }}"
            }
          ]
        },
        "options": {}
      },
      "id": "5702ce7a-0dee-49e1-b6ad-bf3b0b11bab6",
      "name": "Final Exam",
      "type": "n8n-nodes-base.set",
      "position": [
        2940,
        480
      ],
      "typeVersion": 3.4
    },
    {
      "parameters": {
        "content": "#### 🎓 FINAL EXAM: Putting It All Together\n\nThis last node creates a final object by using expressions to pull data from **all the previous nodes**.\n\nClick on this node and look at the expressions in each field. It's a perfect summary of everything you've learned.\n\n**Congratulations! You now understand the basics of JSON and how to use it in n8n.**",
        "height": 500,
        "width": 340,
        "color": 6
      },
      "id": "21956847-3a4b-4e62-a430-5c42396d0e66",
      "name": "Sticky Note9",
      "type": "n8n-nodes-base.stickyNote",
      "position": [
        2820,
        140
      ],
      "typeVersion": 1
    },
    {
      "parameters": {
        "options": {}
      },
      "type": "n8n-nodes-base.set",
      "typeVersion": 3.4,
      "position": [
        580,
        820
      ],
      "id": "8ddc9266-fec4-44f1-9083-afdf8f1d1ce3",
      "name": "Edit Fields"
    }
  ],
  "pinData": {},
  "connections": {
    "Null": {
      "main": [
        [
          {
            "node": "Array",
            "type": "main",
            "index": 0
          }
        ]
      ]
    },
    "Array": {
      "main": [
        [
          {
            "node": "Object",
            "type": "main",
            "index": 0
          }
        ]
      ]
    },
    "Number": {
      "main": [
        [
          {
            "node": "Boolean",
            "type": "main",
            "index": 0
          }
        ]
      ]
    },
    "Object": {
      "main": [
        [
          {
            "node": "Using JSON (Expressions)",
            "type": "main",
            "index": 0
          }
        ]
      ]
    },
    "String": {
      "main": [
        [
          {
            "node": "Number",
            "type": "main",
            "index": 0
          }
        ]
      ]
    },
    "Boolean": {
      "main": [
        [
          {
            "node": "Null",
            "type": "main",
            "index": 0
          }
        ]
      ]
    },
    "Key & Value": {
      "main": [
        [
          {
            "node": "String",
            "type": "main",
            "index": 0
          }
        ]
      ]
    },
    "Execute to Start": {
      "main": [
        [
          {
            "node": "Key & Value",
            "type": "main",
            "index": 0
          }
        ]
      ]
    },
    "Using JSON (Expressions)": {
      "main": [
        [
          {
            "node": "Final Exam",
            "type": "main",
            "index": 0
          }
        ]
      ]
    }
  },
  "active": false,
  "settings": {
    "executionOrder": "v1"
  },
  "versionId": "7b024cdc-d6b3-4f6c-911a-d82e7afe6de5",
  "meta": {
    "instanceId": "470abe64dbe6aedf026d5e82b6678dbb6d54ed3d3fc1cd80d0b0b3449ccaf233"
  },
  "id": "IBx7Zr2berRV9fyo",
  "tags": [
    {
      "createdAt": "2025-07-09T20:55:51.748Z",
      "updatedAt": "2025-07-09T20:55:51.748Z",
      "id": "NXBjAupXoVBrzcJ2",
      "name": "learnn8n"
    }
  ]
}